{"train_loss": 3.321232557296753, "val_loss": 3.3445067405700684, "_timestamp": 1715931178.025467, "_runtime": 1233.0086510181427, "_step": 46999, "_wandb": {"runtime": 1234}}