{"train_loss": 1.968127727508545, "val_loss": 2.0923187732696533, "_timestamp": 1715871825.698046, "_runtime": 365.4984140396118, "_step": 99999, "_wandb": {"runtime": 365}}